"Package","LatestVersion","Available"
"Syncfusion.Compression.Base","31.1.22","True"
"Syncfusion.Compression.NET","31.1.22","True"
"Syncfusion.Data.WPF","31.1.22","True"
"Syncfusion.DocIO.Base","16.4.0.53","True"
"Syncfusion.DocIO.NET","31.1.22","True"
"Syncfusion.DocIORenderer.NET","31.1.22","True"
"Syncfusion.Grid.WPF","31.1.22","True"
"Syncfusion.Pdf.NET","31.1.22","True"
"Syncfusion.SfBusyIndicator.WPF","31.1.22","True"
"Syncfusion.SfChart.WPF","31.1.22","True"
"Syncfusion.SfChat.WPF","31.1.22","True"
"Syncfusion.SfGrid.WPF","31.1.22","True"
"Syncfusion.SfGridConverter.WPF","16.4.0.53","True"
"Syncfusion.SfInput.WPF","31.1.22","True"
"Syncfusion.SfProgressBar.WPF","31.1.22","True"
"Syncfusion.SfShared.WPF","31.1.22","True"
"Syncfusion.SfSkinManager.WPF","31.1.22","True"
"Syncfusion.SfSpreadsheet.WPF","31.1.22","True"
"Syncfusion.Shared.WPF","31.1.22","True"
"Syncfusion.Themes.FluentDark.WPF","31.1.22","True"
"Syncfusion.Themes.FluentLight.WPF","31.1.22","True"
"Syncfusion.Themes.Windows11Light.WPF","31.1.22","True"
"Syncfusion.Tools.WPF","31.1.22","True"
"Syncfusion.XlsIO.Base","16.4.0.53","True"
